cemento,escoria_de_horno,ceniza_volante,agua,superplastificante,agregado_grueso,agregado_fino,edad_dias,resistencia_compresion,cemento_bis,alumno_cargador
173.81,93.37,159.9,172.34,9.73,1007.2,746.6,28.0,37.810863839999996,171.61747132208475,C
,19.0,97.0,145.0,13.13,967.0,871.0,28.0,44.02993736,346.89317789564404,C
134.7,,165.7,180.2,10.0,961.0,804.9,28.0,13.293786756,134.7790732715623,B
212.57,0.0,100.39,159.35,10.37,1003.8,903.79,100.0,47.739318239999996,206.65261834354297,A
150.0,237.0,0.0,174.0,12.0,1069.0,675.0,28.0,37.431652039999996,148.16907511596,A
236.0,0.0,0.0,194.0,0.0,968.0,885.0,3.0,6.467284879999999,232.9033948324136,A
246.83,0.0,125.08,143.3,11.99,1086.8,,,42.21661548,246.42708529983017,A
213.74,0.0,174.74,154.79,10.16,1053.5,776.35,28.0,40.14818748,207.6918897244267,C
289.0,0.0,0.0,192.0,0.0,913.2,895.3,28.0,9999.0,285.3405489226971,B
238.05,0.0,94.11,186.66,7.0,949.91,847.01,100.0,44.298833,242.00420150772123,A
,0.0,0.0,193.0,0.0,968.0,885.0,7.0,9.99050724,230.04508503335137,C
250.0,180.0,95.0,159.0,9.45,860.0,800.0,28.0,67.86512268,244.46116575850562,C
151.0,0.0,184.0,167.0,12.0,991.0,772.0,28.0,15.568368079999999,153.24107308010323,A
374.0,189.2,0.0,,10.1,926.1,756.7,3.0,34.39795764,362.69294102998623,A
318.8,212.5,0.0,155.7,14.3,852.1,880.4,28.0,55.495923239999996,308.85771083703145,C
,188.0,146.0,203.0,11.0,829.0,710.0,28.0,32.83974188,155.33074945129638,B
425.0,,0.0,153.5,16.5,852.1,887.1,3.0,33.398217439999996,416.9756190732301,C
231.75,0.0,121.62,173.96,6.72,1056.4,778.45,56.0,42.69924868,226.82314020475954,B
152.0,0.0,112.0,184.0,8.0,992.0,816.0,28.0,12.17614616,149.63667951853054,C
181.9,272.8,0.0,185.7,0.0,1012.4,714.3,7.0,12.37264682,174.792957019204,A
213.5,0.0,174.24,159.21,11.66,1043.6,771.9,14.0,29.592309919999998,210.40848240477973,B
155.0,184.0,143.0,,9.0,880.0,699.0,28.0,28.98557104,155.3725232740634,C
307.0,0.0,0.0,193.0,0.0,968.0,812.0,90.0,32.922478999999996,299.2596429585058,C
439.0,177.0,0.0,186.0,,884.9,707.9,3.0,39.300132,431.5595935280898,B
233.81,,94.58,197.89,,947.04,852.16,56.0,27.66177712,227.98423803659205,C
313.3,145.0,0.0,178.5,8.0,1001.9,688.7,28.0,41.053469468,305.7969893833858,B
362.6,189.0,0.0,164.9,11.6,944.7,755.8,56.0,77.29715436,360.6517897407397,A
192.0,288.0,0.0,192.0,0.0,929.8,,3.0,12.788400847999998,183.31302498203797,A
298.1,0.0,107.5,163.6,12.8,953.2,784.0,28.0,35.86585204399999,295.4520376462076,C
,116.0,90.0,180.0,9.0,870.0,768.0,28.0,44.27814872,268.725377595201,C
165.0,128.5,132.1,175.06,8.08,1005.8,746.6,28.0,46.38794528,156.2072825224574,B
339.0,0.0,0.0,185.0,0.0,1069.0,754.0,28.0,31.84000168,333.4109739134965,A
389.9,189.0,0.0,145.9,22.0,944.7,755.8,56.0,79.40005615999999,378.5471687007489,A
375.0,,0.0,186.0,0.0,1038.0,758.0,28.0,38.21075992,369.2386834274294,B
491.0,26.0,123.0,210.0,3.93,882.0,699.0,3.0,25.60910856945864,483.86555494591505,A
362.6,189.0,0.0,164.9,11.6,944.7,755.8,28.0,71.29871315999999,352.5682721757834,C
,0.0,96.18,168.08,9.41,961.18,865.0,100.0,48.97348028,283.5574243306313,A
500.0,0.0,0.0,200.0,,1125.0,613.0,14.0,36.93522932,487.32060813524544,C
190.68,0.0,125.4,162.14,7.77,1090.0,804.01,100.0,40.56876784,188.79821637983056,B
381.4,0.0,0.0,185.7,0.0,1104.6,784.3,,22.489328168,374.33592076245833,C
305.3,,0.0,203.5,0.0,965.4,631.0,7.0,25.893960655999997,302.8315565104948,B
281.0,0.0,0.0,186.0,0.0,1104.0,774.0,28.0,22.435549039999998,275.98839183069333,A
167.35,129.9,128.62,,7.79,1006.3,746.6,14.0,31.812422639999998,162.2197989434038,B
102.0,153.0,0.0,192.0,0.0,887.0,942.0,28.0,17.275510655999998,102.41032760160236,B
250.0,0.0,95.69,191.84,5.33,948.9,857.2,14.0,24.65566176,240.8534554538689,C
165.0,128.5,132.1,175.06,8.08,1005.8,746.6,56.0,53.72396992,164.90166724971593,A
277.0,0.0,0.0,191.0,0.0,968.0,856.0,180.0,32.32952964,267.6120960492184,C
304.0,76.0,0.0,228.0,0.0,932.0,670.0,270.0,54.378282643999995,292.8713906851526,B
146.0,173.0,0.0,182.0,3.0,986.0,817.0,28.0,23.73865868,139.85126439904369,A
251.81,0.0,99.94,146.14,12.35,1006.0,899.76,56.0,44.14025352,244.68152853009917,B
155.0,0.0,143.0,,9.0,877.0,868.0,28.0,9.735401119999999,149.29898423102972,A
331.0,0.0,0.0,192.0,0.0,879.0,825.0,3.0,13.52062436,324.4143363172744,C
307.0,0.0,0.0,193.0,0.0,968.0,812.0,180.0,34.48758952,300.9563230219128,B
318.0,0.0,126.0,210.0,6.0,861.0,737.0,28.0,40.0585556,311.7332567633134,B
298.0,0.0,107.0,186.0,6.0,879.0,815.0,28.0,42.63719584,294.76580407967634,C
181.38,0.0,167.01,169.59,7.56,1055.6,777.8,100.0,45.3675208,176.87588644258932,A
168.88,42.22,124.25,158.33,10.83,1080.8,,28.0,31.11605188,,B
250.0,0.0,0.0,182.0,0.0,,820.0,28.0,20.87043852,251.15805494583768,B
255.3,98.8,77.0,188.6,6.5,919.0,749.3,28.0,33.798802996,252.0899444512842,C
251.81,0.0,99.94,146.14,12.35,1006.0,899.76,100.0,45.3675208,249.74255180378455,C
303.6,139.9,0.0,213.5,6.2,895.5,,28.0,33.419591196,,A
531.3,0.0,0.0,141.8,28.2,852.1,893.7,56.0,58.798513279999995,523.871940692363,B
,203.5,0.0,203.5,0.0,965.4,631.0,28.0,43.377003588,301.5485321098244,C
342.0,38.0,0.0,228.0,0.0,932.0,670.0,270.0,55.064311264,337.5400417055997,C
389.9,189.0,0.0,145.9,22.0,944.7,755.8,28.0,74.4978818,383.04254154235053,B
313.3,262.2,0.0,175.5,8.6,1046.9,611.8,3.0,28.79941252,303.63413835798957,B
500.0,0.0,0.0,200.0,0.0,1125.0,,270.0,55.15808,493.0775105286557,B
166.0,260.0,0.0,183.0,13.0,859.0,827.0,28.0,37.91428524,161.45916875368232,C
540.0,,0.0,173.0,0.0,1125.0,613.0,180.0,71.62276688,532.6081460506663,C
255.0,0.0,0.0,192.0,0.0,889.8,945.0,90.0,21.859147104,250.64299770332684,A
140.0,164.0,128.0,237.0,6.0,869.0,656.0,28.0,35.225328839999996,137.02476626842395,C
339.0,0.0,0.0,197.0,0.0,968.0,781.0,3.0,13.22414968,332.9449791594625,A
425.0,106.3,0.0,153.5,16.5,852.1,887.1,28.0,60.2946762,420.8899086736587,B
255.5,170.3,0.0,185.7,0.0,1026.6,724.3,28.0,32.051670812,249.91105507773395,C
167.0,75.4,167.0,164.03,7.91,1007.3,770.1,3.0,15.520104759999999,161.62520667953447,C
310.0,0.0,0.0,192.0,0.0,1012.0,830.0,3.0,11.85209244,307.1840565720479,A
349.0,0.0,,192.0,0.0,1056.0,809.0,90.0,40.65839972,342.85443117936387,B
275.0,180.0,120.0,162.0,10.35,830.0,765.0,28.0,76.23536132,271.0635017671963,A
425.0,106.3,0.0,153.5,16.5,852.1,,91.0,65.19685056,416.3777124215937,A
218.23,54.64,123.78,140.75,11.91,1075.7,792.67,14.0,35.9561734,213.40783240264292,B
500.0,0.0,,200.0,0.0,1125.0,613.0,,44.0919902,490.03435387501196,B
277.05,0.0,97.39,160.6,11.83,,875.61,28.0,48.28400428,270.50563148293236,C
286.3,200.9,0.0,144.7,11.2,1004.6,803.7,28.0,67.69964844,279.90733190870367,A
339.2,0.0,0.0,185.7,0.0,1069.2,,28.0,31.899986092,337.24934844549887,C
388.6,97.1,0.0,,12.1,852.1,925.7,7.0,34.90127512,384.7256848933582,C
287.0,121.0,94.0,188.0,9.0,904.0,696.0,28.0,41.940825079999996,282.0957277435354,C
316.1,210.7,0.0,185.7,0.0,977.0,689.3,28.0,38.70028788,307.07891564053676,A
,106.3,0.0,153.5,16.5,852.1,887.1,3.0,33.398217439999996,413.74164314199516,B
122.6,183.9,0.0,203.5,0.0,958.2,800.1,7.0,10.354550567999999,119.09514285334606,A
194.68,0.0,100.52,165.62,7.48,1006.4,905.9,14.0,24.986610239999997,188.10221894313253,A
362.6,189.0,0.0,164.9,11.6,944.7,755.8,91.0,79.29663476,354.1152183074988,A
173.54,50.05,173.53,164.77,6.47,1006.2,793.5,100.0,56.061293559999996,163.85024969202613,A
218.85,0.0,124.13,158.49,,,794.91,100.0,46.2293658,216.99846020067017,C
,0.0,0.0,197.0,0.0,968.0,781.0,14.0,27.04124872,333.7662312087024,C
323.7,282.8,0.0,183.8,10.3,942.7,659.9,7.0,49.80085148,316.2089007722983,A
190.0,190.0,0.0,228.0,0.0,,670.0,180.0,46.931941843999994,188.0938646775156,A
349.0,0.0,0.0,192.0,0.0,1047.0,806.0,180.0,41.05140104,338.2690533832305,A
222.36,0.0,96.67,189.29,4.46,967.08,870.32,56.0,29.447519959999997,214.2393929048385,A
213.72,98.05,24.51,181.71,6.86,1065.8,785.38,14.0,30.38520732,205.05527399448897,B
167.0,75.4,167.0,164.03,7.91,,770.1,28.0,41.40992856,161.69715016993732,B
505.0,,60.0,195.0,0.0,1030.0,,28.0,64.0178466,490.0932213768232,B
425.0,106.3,0.0,153.5,16.5,852.1,887.1,56.0,64.30053176,,C
135.0,105.0,193.0,196.0,6.0,965.0,643.0,28.0,21.91154728,132.5271398638705,B
362.6,189.0,0.0,164.9,11.6,944.7,755.8,28.0,71.29871315999999,357.25345284044323,B
153.1,145.0,113.0,178.5,8.0,867.2,824.0,28.0,26.233182848000002,151.18665720915513,B
182.04,45.21,121.97,170.21,8.19,1059.4,780.65,100.0,48.67011084,170.69922467720608,C
296.0,0.0,0.0,186.0,0.0,1090.0,769.0,7.0,18.91232668,285.22038401682465,C
178.03,129.8,118.6,179.94,3.57,1007.3,746.8,56.0,48.587373719999995,173.47493548370824,B
251.81,0.0,99.94,146.14,12.35,1006.0,899.76,3.0,21.02212324,249.25776453039117,B
,145.3,113.2,178.9,8.0,,690.2,28.0,46.234192132,306.87161275255727,C
290.35,0.0,96.18,168.08,9.41,961.18,865.0,14.0,34.67374804,289.72505064249253,B
310.0,0.0,0.0,192.0,0.0,1012.0,830.0,28.0,27.827251359999998,299.31008393029003,C
310.0,0.0,0.0,192.0,0.0,970.0,850.0,90.0,34.6806428,304.55865444490973,A
339.0,0.0,0.0,185.0,0.0,1060.0,754.0,28.0,31.6469484,333.25381471425106,A
350.0,0.0,0.0,203.0,0.0,974.0,775.0,90.0,31.35047372,344.9061134285838,B
424.0,22.0,132.0,168.0,8.92,822.0,750.0,3.0,32.109882284729316,415.8184324190472,C
304.8,0.0,99.6,196.0,9.8,959.4,705.2,28.0,30.12320644,299.09629256373466,A
145.7,172.6,0.0,181.9,3.4,985.8,816.8,28.0,23.744174488,143.45536605521846,A
198.6,132.4,0.0,192.0,0.0,978.4,825.5,90.0,38.074243671999994,197.26619392458846,A
356.0,0.0,142.0,193.0,11.0,801.0,778.0,28.0,40.865242519999995,349.8897493798163,A
376.0,0.0,0.0,214.6,0.0,1003.5,762.36,56.0,36.3009114,362.46943312380046,A
213.72,98.05,,181.71,6.86,1065.8,785.38,100.0,53.90323368,213.0631608626647,C
229.97,0.0,118.31,195.47,4.63,1029.4,758.59,14.0,20.08443588,228.11830762706805,A
322.0,0.0,0.0,203.0,0.0,974.0,800.0,14.0,20.77391188,319.8733308197494,A
183.9,122.6,0.0,203.5,0.0,959.2,,3.0,4.9035533120000006,179.69948179858514,A
181.38,0.0,167.01,169.59,7.56,1055.6,777.8,28.0,27.77209328,178.54355161306955,C
310.0,143.0,111.0,168.0,22.0,914.0,651.0,28.0,33.68779736,301.54132424831414,A
427.5,47.5,0.0,,0.0,932.0,594.0,365.0,43.698299404,420.5794628049156,A
173.54,50.05,173.53,164.77,6.47,1006.2,793.5,,23.07676172,163.0683516404551,B
190.68,0.0,125.4,162.14,7.77,1090.0,804.01,28.0,26.40003604,191.08884558394115,A
275.0,0.0,0.0,183.0,0.0,1088.0,808.0,28.0,24.49708228,268.5685480714122,C
229.97,0.0,118.31,195.47,4.63,1029.4,758.59,28.0,24.483292759999998,221.3914218467813,A
149.0,139.0,109.0,193.0,6.0,892.0,780.0,28.0,23.69039536,146.85659285394172,A
277.0,0.0,0.0,191.0,0.0,968.0,856.0,28.0,25.965666159999998,267.1887966938028,B
331.0,0.0,0.0,192.0,0.0,1025.0,821.0,7.0,17.43684804,326.68195172138365,A
375.0,93.8,0.0,126.6,23.4,852.1,,91.0,62.5009994,370.29471903862276,B
362.6,,0.0,164.9,11.6,944.7,755.8,7.0,55.89581932,,C
359.0,19.0,141.0,154.0,10.91,942.0,801.0,7.0,38.610656,352.59468646996805,B
296.0,0.0,0.0,186.0,0.0,1090.0,769.0,28.0,25.17966352,283.3381943339774,C
382.0,0.0,0.0,,0.0,1047.0,739.0,7.0,24.00065956,373.9633140304065,B
380.0,0.0,0.0,228.0,0.0,932.0,670.0,270.0,53.300631656,371.3435993485353,A
313.3,262.2,0.0,175.5,8.6,1046.9,611.8,56.0,64.90037588,308.277228299828,A
290.35,0.0,96.18,168.08,9.41,961.18,865.0,56.0,45.08483564,287.1344840410946,A
337.9,189.0,0.0,174.9,9.5,944.7,755.8,28.0,49.89737812,337.1321926750754,C
225.0,0.0,0.0,181.0,0.0,1113.0,833.0,28.0,17.3403214,225.33281098503568,B
387.0,20.0,94.0,157.0,14.32,938.0,845.0,3.0,22.752708,376.7053884324427,B
337.9,189.0,0.0,174.9,9.5,944.7,755.8,91.0,67.79617508,,C
297.16,0.0,117.54,174.8,9.52,1022.8,753.45,14.0,36.990387399999996,284.3429314742057,A
181.9,272.8,0.0,185.7,0.0,1012.4,714.3,,27.935499091999997,177.34075034499628,A
362.6,189.0,0.0,164.9,11.6,944.7,755.8,56.0,77.29715436,358.2962185330692,C
277.0,116.8,91.0,190.6,7.0,946.5,665.6,28.0,43.57833058,268.33523710213615,A
295.0,0.0,0.0,185.0,0.0,1069.0,769.0,28.0,25.17966352,285.1920436494966,A
108.3,162.4,,203.5,0.0,938.2,849.0,7.0,7.723510152,103.2430846668936,A
332.5,142.5,0.0,228.0,0.0,932.0,594.0,365.0,41.052779992,328.6716941491736,A
222.36,0.0,96.67,189.29,4.46,967.08,870.32,3.0,11.57630204,219.19906931538483,C
302.0,,0.0,203.0,0.0,974.0,817.0,28.0,21.7529678,290.37446454027247,B
325.0,0.0,0.0,184.0,0.0,1063.0,783.0,28.0,30.57136584,317.284192203652,C
149.0,153.0,194.0,192.0,8.0,935.0,623.0,28.0,24.579819399999998,145.3231920102273,A
165.0,128.5,132.1,175.06,8.08,1005.8,746.6,100.0,55.020184799999996,161.62241145613842,C
260.0,101.0,78.0,171.0,10.0,936.0,763.0,28.0,49.77327244,,B
393.0,0.0,0.0,192.0,0.0,940.6,785.6,90.0,48.846616696,387.05241270795335,C
250.2,166.8,0.0,203.5,0.0,977.6,694.1,-30.0,9.731264264,248.34352086432403,C
160.0,128.0,122.0,182.0,6.4,824.0,879.0,28.0,39.39665864,158.39019411680442,A
362.6,189.0,0.0,164.9,11.6,944.7,755.8,91.0,79.29663476,355.8657637531664,C
389.9,189.0,0.0,145.9,22.0,944.7,755.8,3.0,40.59634688,384.09815532691835,A
252.5,0.0,0.0,185.7,0.0,1111.6,784.3,7.0,11.483912255999998,242.49472255546218,B
446.0,24.0,79.0,162.0,11.64,967.0,712.0,7.0,39.300132,437.7492392278758,B
238.1,0.0,0.0,185.7,0.0,1118.8,789.3,28.0,17.576122192,228.97353254422663,C
167.35,129.9,128.62,175.46,7.79,1006.3,746.6,28.0,41.20308576,162.1879978615738,C
475.0,0.0,0.0,228.0,0.0,932.0,594.0,180.0,42.620648416,465.35022226704126,C
202.0,11.0,141.0,206.0,1.72,942.0,801.0,56.0,23.24519085418796,200.65344622523165,A
304.0,76.0,0.0,228.0,0.0,932.0,670.0,365.0,55.260122448,304.3449428026114,B
266.2,112.3,87.5,177.9,10.4,909.7,744.5,28.0,39.421479776,260.97983562255575,A
387.0,20.0,94.0,157.0,,938.0,845.0,,50.23522136,378.74877725650737,A
212.0,141.3,0.0,203.5,0.0,,750.0,7.0,15.030576799999999,203.80950936682527,B
374.3,0.0,0.0,190.2,6.7,1013.2,730.4,28.0,39.056057496,366.48479745510946,A
277.19,97.82,,160.7,11.19,1061.7,782.46,56.0,66.82401392,272.45722971784517,B
190.34,0.0,125.18,166.61,9.88,1079.0,798.9,56.0,31.715896,192.76414158716125,A
342.0,38.0,0.0,228.0,0.0,932.0,670.0,90.0,50.45930106,337.3897625136103,C
213.74,0.0,174.74,154.79,10.16,1053.5,776.35,100.0,50.07664188,204.72041680163818,C
250.0,0.0,95.69,191.84,5.33,948.9,857.2,100.0,41.1617172,250.81169348728855,B
212.0,141.3,0.0,203.5,0.0,973.4,750.0,28.0,33.003837168,207.2592162096743,C
393.0,0.0,0.0,192.0,0.0,940.6,785.6,7.0,27.742445811999996,386.2951138129683,A
275.07,0.0,121.35,159.48,9.9,1053.6,777.5,14.0,38.76923548,265.9189195518566,B
322.0,0.0,0.0,203.0,0.0,974.0,800.0,28.0,25.17966352,312.0737614617971,A
190.68,0.0,125.4,162.14,7.77,1090.0,804.01,14.0,21.063491799999998,187.8791236463968,C
190.0,,0.0,228.0,0.0,,670.0,,53.69225402399999,188.04793826772647,A
190.34,0.0,125.18,161.85,9.88,1088.1,802.59,3.0,9.4458212,185.5501807169141,B
322.5,148.6,0.0,185.8,8.5,951.0,709.5,28.0,52.426376088,312.98686451796505,B
183.9,122.6,0.0,203.5,0.0,959.2,800.0,90.0,32.53292506,181.2700518676813,A
148.5,139.4,108.6,192.7,6.1,892.4,780.0,28.0,23.696600644,145.6381797803934,B
281.0,0.0,0.0,186.0,0.0,1104.0,774.0,7.0,14.49968028,275.6771044630216,A
425.0,106.3,0.0,153.5,16.5,852.1,887.1,28.0,60.2946762,421.30533667396276,A
200.0,0.0,0.0,180.0,0.0,1125.0,845.0,7.0,7.8393421199999995,200.08792791941002,A
331.0,0.0,0.0,192.0,0.0,978.0,825.0,7.0,16.26473884,325.12636192940323,A
424.0,22.0,132.0,168.0,8.92,822.0,750.0,7.0,40.28509771527068,415.26169804453684,C
491.0,26.0,123.0,210.0,3.93,882.0,699.0,7.0,33.488834284729315,479.0215593001456,A
154.8,183.4,0.0,193.3,,1047.4,696.7,28.0,18.287661424,154.52486839465078,B
525.0,0.0,0.0,189.0,0.0,1125.0,613.0,28.0,55.94408264,515.3196120685564,C
198.6,132.4,0.0,192.0,0.0,978.4,825.5,7.0,14.638264955999999,192.71136645526997,B
388.6,97.1,0.0,157.9,12.1,852.1,925.7,28.0,50.69717028,383.33333373774377,B
362.6,189.0,0.0,,11.6,944.7,755.8,56.0,77.29715436,350.32395116588697,B
251.37,0.0,118.27,188.45,6.35,1028.4,757.73,28.0,32.66047812,241.10884203907742,B
475.0,118.8,0.0,181.1,8.9,852.1,781.5,7.0,55.59934464,466.6993226801703,A
307.0,0.0,0.0,193.0,0.0,968.0,812.0,3.0,12.541568439999999,299.0010021976142,B
350.0,0.0,0.0,203.0,0.0,974.0,775.0,28.0,27.337723399999998,344.3276368726122,C
233.81,0.0,94.58,197.89,4.567,947.04,852.16,14.0,22.13907436,234.3047971623499,C
156.0,243.0,0.0,180.0,11.0,1022.0,698.0,28.0,37.36270444,151.79450238874696,A
213.5,0.0,174.24,154.61,11.66,1052.3,775.48,100.0,59.30183076,211.67129106989861,C
236.0,0.0,0.0,194.0,0.0,968.0,885.0,28.0,18.415903959999998,232.6242980918086,C
153.0,145.0,113.0,178.0,8.0,867.0,824.0,28.0,26.22766704,150.80675000150612,C
252.5,0.0,0.0,185.7,,1111.6,784.3,28.0,19.765208492,248.19710836692082,A
10000.0,136.0,106.0,178.0,7.0,941.0,774.0,28.0,26.14492992,9800.0,A
,,0.0,192.0,0.0,1085.0,765.0,28.0,21.6495464,295.4726834999339,B
,117.2,,137.8,32.2,852.1,840.5,56.0,69.29923276,458.37392821946094,C
237.5,237.5,0.0,228.0,0.0,932.0,594.0,365.0,38.995383608,,B
277.0,0.0,0.0,191.0,0.0,968.0,856.0,90.0,31.25394708,269.0402032870779,B
229.68,0.0,118.16,195.23,6.13,1028.1,757.63,56.0,31.35047372,219.81321482593012,B
318.8,212.5,0.0,155.7,,852.1,880.4,91.0,68.09954452,,A
229.68,0.0,118.16,195.23,6.13,1028.1,757.63,3.0,13.35515012,223.49808171790178,C
331.0,0.0,0.0,192.0,0.0,978.0,825.0,28.0,31.44700036,324.51263713431257,C
277.19,97.82,24.46,160.7,11.19,1061.7,782.46,14.0,47.7117392,272.3448340604115,C
,0.0,143.0,193.0,9.0,1047.0,697.0,28.0,12.45883132,156.6648283214478,B
250.0,0.0,0.0,182.0,0.0,1100.0,820.0,7.0,12.73462172,247.09759019508465,A
379.5,,0.0,153.9,15.9,1134.3,605.0,91.0,56.49566344,376.6472737692313,A
475.0,0.0,0.0,162.0,9.5,1044.0,662.0,28.0,58.522722879999996,466.0903282899709,B
139.7,,,236.7,5.8,868.6,655.6,28.0,35.225328839999996,138.7651058964474,C
192.0,288.0,0.0,192.0,0.0,,716.1,7.0,21.48062478,185.05476565787808,B
296.0,0.0,0.0,192.0,0.0,1085.0,765.0,7.0,14.2032056,289.8408113084296,A
277.0,0.0,0.0,191.0,0.0,968.0,856.0,360.0,33.70158688,273.60146040944716,C
212.52,0.0,100.37,159.32,8.71,1007.8,903.59,28.0,31.640053639999998,209.57389822339985,B
222.36,0.0,96.67,189.29,4.46,967.08,870.32,14.0,24.44881896,222.52006797598798,A
151.6,0.0,111.9,184.4,7.9,992.0,815.9,28.0,12.180972492,152.16891877477795,A
349.0,0.0,0.0,192.0,0.0,1047.0,806.9,3.0,15.049192651999999,344.63428633384456,B
229.68,0.0,118.16,195.23,6.13,1028.1,757.63,,40.85834776,220.68526426382704,A
141.9,166.6,129.7,173.5,10.9,882.6,785.3,28.0,44.61185510399999,138.8841520619222,C
436.0,0.0,0.0,218.0,0.0,838.4,719.7,28.0,23.84897484,424.4566337122251,A
210.7,316.1,0.0,185.7,0.0,977.0,689.3,28.0,37.813621743999995,203.2696009357194,C
155.2,183.9,143.2,193.8,9.2,,698.5,28.0,28.991086848000002,147.84547372220936,C
380.0,95.0,0.0,228.0,,932.0,594.0,28.0,36.447769788,371.45127222296924,B
321.0,164.0,0.0,190.0,5.0,870.0,,28.0,57.21271848,315.6764234179285,A
313.3,0.0,,178.5,8.0,,688.7,28.0,36.804918356,306.77036977275316,C
202.0,11.0,,206.0,1.72,942.0,801.0,28.0,21.96670536,198.99393567870817,C
475.0,0.0,0.0,228.0,0.0,932.0,,365.0,41.934619796,464.67457324631994,A
173.54,50.05,173.53,164.77,6.47,1006.2,793.5,,33.00521612,167.40479843879905,B
102.0,153.0,0.0,192.0,0.0,887.0,942.0,7.0,7.675936308,101.22056579617481,A
133.0,200.0,0.0,192.0,,927.4,839.2,3.0,6.883728383999999,133.6788976749808,A
,0.0,126.5,209.7,5.7,860.5,736.6,28.0,40.062002979999995,307.83756073926554,B
313.0,145.0,0.0,178.0,8.0,867.0,824.0,28.0,44.38846488,306.65605263040936,C
136.4,161.6,125.8,171.6,10.4,,764.4,28.0,29.073134491999998,135.87874927728512,A
251.37,0.0,118.27,5000.0,6.35,1028.4,757.73,56.0,36.63875464,249.12491544467454,B
194.68,0.0,100.52,170.17,7.48,998.0,901.8,14.0,24.28334472,187.6647681825274,B
133.0,,0.0,192.0,0.0,927.4,839.2,7.0,13.664035367999999,128.90269048726407,B
313.0,,0.0,178.0,8.0,,822.0,28.0,25.0969264,301.09760471607785,B
183.9,,0.0,203.5,0.0,959.2,800.0,7.0,10.787541496,173.26093196284157,A
166.8,250.2,0.0,203.5,0.0,975.6,692.6,7.0,15.748321315999998,170.61180684805223,A
339.0,0.0,0.0,197.0,0.0,968.0,781.0,365.0,38.89334116,330.3101541506933,C
162.0,190.0,148.0,179.0,19.0,838.0,741.0,,33.75674496,159.94780162329246,A
212.07,0.0,121.62,180.31,5.69,1057.6,,56.0,34.20490436,204.1721608187291,B
200.0,133.0,0.0,192.0,0.0,965.4,806.2,,30.439675923999996,195.8291363763594,A
401.8,94.7,,147.4,11.4,946.8,852.1,91.0,75.49762199999999,389.93018727704117,A
212.57,0.0,100.39,159.35,10.37,1003.8,903.79,3.0,13.33446584,204.19391257489005,A
148.0,175.0,0.0,171.0,2.0,1000.0,828.0,28.0,26.91714304,146.62824022137715,C
139.9,132.6,103.3,200.3,7.4,916.0,753.4,28.0,36.443632932,136.0349050532869,A
190.0,190.0,0.0,228.0,0.0,932.0,670.0,28.0,40.856968808,188.77392764377146,C
305.3,203.5,0.0,203.5,0.0,965.4,631.0,90.0,54.598914963999995,301.2989909442687,C
233.81,0.0,94.58,197.89,4.567,947.04,852.16,100.0,34.55653712,233.5181328767266,B
284.0,,0.0,168.3,7.2,970.4,794.2,28.0,40.934879596,283.1706231954958,B
331.0,0.0,0.0,,0.0,1025.0,821.0,3.0,14.306626999999999,325.22776094875786,A
,117.6,91.7,182.9,7.1,953.4,780.3,28.0,23.524231644,144.56790960528198,A
170.3,155.5,0.0,185.7,0.0,1026.6,724.3,28.0,25.726417988,166.01266323954363,C
290.2,193.5,0.0,,0.0,998.2,704.3,7.0,21.859147104,277.16623410260036,B
251.37,0.0,118.27,188.45,6.35,1028.4,757.73,3.0,13.12072828,247.13084767544143,C
251.81,,99.94,146.14,12.35,1006.0,899.76,14.0,33.35684888,245.88408713939586,B
236.0,0.0,0.0,193.0,0.0,968.0,,180.0,24.104080959999997,232.89410331978476,C
218.85,0.0,124.13,158.49,11.33,1078.7,794.91,14.0,26.04840328,214.50727816668197,C
252.1,97.1,,193.8,8.3,835.5,,28.0,33.399596392,248.07862993060502,C
165.0,128.5,132.1,175.06,8.08,,746.6,3.0,19.41564416,164.1885571260722,A
393.0,0.0,0.0,192.0,0.0,940.6,785.6,28.0,39.604880392,383.5236860471468,A
362.6,189.0,0.0,164.9,11.6,944.7,-400.0,91.0,79.29663476,356.2054784188076,B
254.0,0.0,0.0,198.0,0.0,968.0,863.0,365.0,29.7853632,247.59804273529076,A
298.0,0.0,,210.0,11.0,880.0,744.0,28.0,31.874475479999997,289.95948150628317,B
349.0,0.0,0.0,192.0,0.0,1047.0,806.0,360.0,42.126983599999996,343.55366544364256,A
469.0,,,137.8,32.2,852.1,840.5,91.0,70.69886903999999,459.15008630702573,C
147.8,175.1,0.0,171.2,2.2,1000.0,828.5,28.0,26.922658848,146.2341094180981,A
145.0,0.0,179.0,202.0,8.0,824.0,869.0,28.0,10.53519328,146.1902861362571,A
,210.7,0.0,185.7,0.0,977.0,689.3,7.0,24.437787344,305.9347923794625,A
425.0,106.3,0.0,153.5,16.5,852.1,887.1,7.0,49.20100736,418.7125467054013,C
297.16,0.0,117.54,174.8,,1022.8,753.45,3.0,21.91154728,293.04308441667337,A
,0.0,121.62,173.96,6.72,1056.4,778.45,14.0,26.77235308,,C
314.0,145.0,,179.0,8.0,869.0,690.0,28.0,46.2293658,303.8889506650893,C
151.8,178.1,138.7,167.5,18.3,,694.6,28.0,36.349864196,151.3756668282592,B
173.81,93.37,159.9,172.34,9.73,1007.2,746.6,14.0,29.55094136,172.7445550581358,C
10000.0,164.2,0.0,190.5,4.6,870.0,774.0,28.0,57.21823428799999,9800.0,C
212.0,141.3,0.0,203.5,0.0,973.4,750.0,3.0,6.8085755,207.0227154999613,A
385.0,0.0,0.0,186.0,0.0,966.0,763.0,3.0,14.699628319999999,378.32237422400635,B
427.5,47.5,0.0,228.0,0.0,932.0,594.0,90.0,41.542997428,419.3000574274222,A
165.0,128.5,132.1,175.06,8.08,1005.8,746.6,14.0,33.08795324,161.9763799753023,A
255.0,0.0,0.0,192.0,0.0,889.8,945.0,3.0,8.204074924,251.56960032825378,A
310.0,0.0,0.0,192.0,0.0,970.0,850.0,7.0,14.98920824,303.1937502638318,C
302.0,0.0,0.0,203.0,0.0,974.0,817.0,180.0,26.74477404,290.59987746589576,A
251.37,0.0,118.27,188.45,5.75,1028.4,757.73,56.0,36.96970312,243.00536558404974,B
172.38,13.61,172.37,156.76,4.14,1006.3,856.4,100.0,37.6798634,164.1636975200731,B
194.68,0.0,100.52,165.62,7.48,1006.4,905.9,3.0,12.45193656,187.46526295386954,C
173.0,116.0,0.0,192.0,0.0,946.8,856.8,90.0,32.102692036,171.4824540721284,B
213.5,0.0,174.24,159.21,11.66,1043.6,771.9,100.0,52.95865156,212.5479801097219,C
425.0,106.3,0.0,153.5,16.5,852.1,887.1,91.0,65.19685056,415.13504955897764,B
362.6,189.0,0.0,164.9,11.6,944.7,755.8,7.0,22.89749796,355.56438852314164,A
446.0,24.0,79.0,162.0,,967.0,712.0,3.0,35.36322404,436.06222454834796,C
261.0,100.0,78.0,201.0,9.0,864.0,761.0,28.0,32.39847724,257.9528480323687,B
252.0,0.0,0.0,185.0,0.0,1111.0,784.0,28.0,19.691434559999998,243.70890351792582,C
214.9,53.8,121.89,155.63,9.61,1014.3,780.58,3.0,18.01600788,210.22697290904128,B
379.5,,0.0,153.9,15.9,1134.3,605.0,3.0,28.599464479999998,373.3709174423567,A
362.6,189.0,0.0,164.9,11.6,944.7,755.8,3.0,35.3011712,355.0525435464717,A
212.07,0.0,121.62,180.31,5.69,1057.6,779.32,3.0,12.47262084,201.67808369690692,B
160.0,250.0,0.0,168.0,12.0,1049.0,,28.0,39.45181672,152.7734745008873,B
525.0,0.0,0.0,189.0,0.0,1125.0,613.0,14.0,48.401215199999996,515.232313166935,B
331.0,0.0,0.0,192.0,0.0,1025.0,821.0,90.0,37.91428524,321.0213923741884,C
190.34,0.0,125.18,166.61,9.88,1079.0,798.9,100.0,33.56369168,185.6536252400537,A
165.0,0.02,143.57,163.81,0.0,1005.6,900.9,14.0,16.87837248,165.76075766870818,B
231.75,0.0,121.62,173.96,6.72,1056.4,778.45,100.0,45.83636448,233.3945049267918,C
427.5,47.5,0.0,228.0,0.0,932.0,594.0,270.0,43.01296026,419.1480920926836,B
439.0,177.0,0.0,186.0,11.1,884.9,707.9,56.0,71.69860924,428.72211320438254,B
332.5,142.5,0.0,,0.0,932.0,594.0,28.0,33.019005639999996,328.7548350637744,B
266.0,114.0,0.0,228.0,0.0,932.0,670.0,180.0,48.695621452,262.8136797393786,C
275.07,0.0,121.35,159.48,9.9,1053.6,777.5,100.0,58.60546,273.0345361083201,A
400.0,0.0,0.0,187.0,0.0,1025.0,745.0,28.0,43.69898888,393.57352212585823,B
145.0,0.0,134.0,181.0,11.0,979.0,812.0,28.0,13.19657064,,C
295.8,0.0,0.0,185.7,0.0,1091.4,769.3,7.0,14.843728804,292.10223801690285,B
167.95,42.08,163.83,121.75,5.72,1058.7,780.11,3.0,7.74971024,,B
259.9,,78.4,170.6,10.4,935.7,762.9,28.0,49.77327244,254.69624044047094,A
382.5,0.0,0.0,185.7,0.0,1047.8,739.3,,37.437857324,380.3138965524393,C
160.2,188.0,146.4,203.2,11.3,828.7,709.7,28.0,35.314271244,159.2647444908894,C
531.3,0.0,0.0,141.8,28.2,852.1,893.7,7.0,46.89815752,519.6052080868157,B
213.76,98.06,24.52,181.74,6.65,1066.0,785.52,100.0,49.973220479999995,206.2975567644213,A
254.0,0.0,0.0,198.0,0.0,968.0,863.0,3.0,9.307926,249.64493356503024,C
133.1,210.2,0.0,195.7,3.1,949.4,795.3,28.0,28.937997196,133.09718187870385,B
162.0,214.0,164.0,202.0,10.0,820.0,680.0,28.0,30.647208199999998,158.25084061073886,C
190.34,0.0,125.18,166.61,9.88,1079.0,798.9,28.0,24.84871504,185.96546697719077,B
405.0,0.0,0.0,175.0,0.0,1120.0,695.0,28.0,52.30364936,399.0058608786638,B
276.4,116.0,90.3,179.6,8.9,870.1,768.3,28.0,44.284354003999994,269.77868524320655,B
376.0,0.0,0.0,214.6,0.0,1003.5,762.36,28.0,31.971002119999998,367.8645149334019,A
148.1,0.0,136.6,158.1,16.1,1001.8,,28.0,17.959470848000002,134.19276152435566,B
321.0,0.0,128.0,182.0,11.0,870.0,780.0,28.0,37.25928304,310.2531025933217,B
251.37,0.0,118.27,,6.35,1028.4,757.73,14.0,24.42813468,247.78303021017484,B
475.0,118.8,0.0,181.1,8.9,852.1,781.5,56.0,72.29845336,463.061176714069,B
388.6,97.1,0.0,157.9,,852.1,925.7,91.0,57.59882504,378.86363691371184,A
212.52,0.0,100.37,159.32,8.71,1007.8,903.59,56.0,42.54756396,207.1411317863097,A
141.3,212.0,0.0,203.5,0.0,971.8,748.5,7.0,10.3938507,138.42131152056768,B
290.35,0.0,96.18,168.08,9.41,961.18,865.0,28.0,34.73580088,279.9414157852516,A
145.0,116.0,119.0,184.0,5.7,833.0,880.0,28.0,29.15794004,142.7876341223452,A
144.8,0.0,133.6,180.8,11.1,979.5,811.5,28.0,13.202086448,138.89696805792758,B
190.34,0.0,,161.85,9.88,1088.1,802.59,100.0,40.38950408,186.06968296225028,B
304.0,76.0,0.0,,0.0,932.0,670.0,180.0,50.94882902,295.3225066529203,A
182.04,45.21,121.97,170.21,8.19,1059.4,780.65,56.0,43.49904084,182.81367591897944,B
304.0,140.0,0.0,214.0,6.0,895.0,722.0,28.0,33.41890172,296.94121398493087,A
349.0,0.0,0.0,192.0,0.0,1056.0,809.0,7.0,9.011451319999999,343.66621645659234,A
385.0,0.0,136.0,158.0,20.0,903.0,768.0,28.0,55.55108132,378.1288225379857,C
178.03,129.8,118.6,179.94,3.57,1007.3,746.8,14.0,34.23937816,171.95720532851763,C
132.0,,161.0,179.0,5.0,867.0,736.0,28.0,33.301690799999996,130.63489769230844,B
218.85,0.0,124.13,158.49,11.33,1078.7,794.91,28.0,30.219733079999997,218.45988177131096,A
425.0,106.3,0.0,151.4,18.6,936.0,803.7,91.0,66.69990824,413.7912184657389,A
250.2,166.8,0.0,203.5,0.0,977.6,694.1,28.0,36.964187312,245.1550596246141,B
288.0,121.0,0.0,177.0,7.0,908.0,829.0,28.0,42.13387836,282.4919430099434,A
213.5,0.0,174.24,154.61,11.66,1052.3,775.48,14.0,33.70158688,210.33506983810196,C
427.5,47.5,0.0,228.0,0.0,,594.0,180.0,41.836714203999996,418.3954129093642,C
139.6,209.4,0.0,192.0,0.0,1047.0,806.9,7.0,14.589312159999999,135.3968820371216,C
,0.0,0.0,185.7,0.0,1040.6,,28.0,33.082437432,390.06288538549313,B
339.0,0.0,0.0,197.0,0.0,968.0,781.0,180.0,36.44570136,330.3372373906892,A
375.0,93.8,0.0,126.6,23.4,852.1,992.6,7.0,45.69846928,364.50825951719554,C
385.0,0.0,0.0,186.0,0.0,,763.0,7.0,23.221551679999997,371.94916661085745,B
218.23,54.64,123.78,140.75,11.91,1075.7,792.67,56.0,61.99078716,216.86487274073087,A
355.9,0.0,141.6,193.3,11.0,801.4,,28.0,40.8686899,343.8167139704444,A
401.8,94.7,0.0,147.4,11.4,946.8,852.1,56.0,73.69808963999999,390.65703874152257,A
491.0,26.0,123.0,210.0,3.93,882.0,699.0,28.0,55.55108132,476.6948175093184,C
310.0,143.0,0.0,168.0,10.0,914.0,804.0,28.0,45.2985732,309.5151806421934,B
140.0,133.0,103.0,200.0,7.0,916.0,753.0,28.0,36.4388066,133.8666852972473,C
178.03,129.8,118.6,179.94,3.57,1007.3,746.8,3.0,20.72564856,168.49021888683754,B
233.81,0.0,94.58,197.89,4.567,947.04,852.16,3.0,10.38350856,234.08658379669376,A
446.0,24.0,79.0,162.0,11.64,967.0,712.0,28.0,51.021224,437.63597694824614,C
181.38,0.0,167.01,169.59,7.56,1055.6,777.8,3.0,13.62404576,174.42110794675656,A
145.9,230.5,,202.5,3.4,827.0,871.8,28.0,32.720462532,145.57990591525146,A
469.0,117.2,0.0,137.8,32.2,852.1,840.5,3.0,40.1964508,458.3382420609904,C
475.0,118.8,0.0,181.1,8.9,852.1,781.5,3.0,37.79707432,467.5714560622033,B
159.0,187.0,0.0,176.0,11.0,990.0,789.0,28.0,32.763899519999995,152.79632115112935,B
212.0,0.0,,159.0,7.84,1085.4,799.54,100.0,47.8151606,207.9194660427336,C
424.0,22.0,132.0,,8.48,882.0,750.0,3.0,32.01138571527068,413.84128314185153,C
254.0,0.0,0.0,198.0,,968.0,863.0,180.0,27.62730332,253.27353654706317,A
339.0,,0.0,197.0,0.0,968.0,781.0,7.0,20.96696516,326.8951138210736,C
288.0,192.0,0.0,192.0,0.0,932.0,717.8,7.0,23.523542168,283.18223167160943,B
339.0,0.0,0.0,185.0,0.0,1069.0,754.0,7.0,21.160018439999998,328.93958588861403,B
359.0,19.0,141.0,154.0,10.91,942.0,801.0,7.0,35.75425543054136,352.2144574504164,C
450.1,50.0,0.0,200.0,3.0,1124.4,613.2,28.0,39.37597436,434.16768969010207,A
446.0,24.0,79.0,162.0,11.61,967.0,,7.0,52.00717468,437.0990171870868,A
387.0,20.0,94.0,157.0,11.61,938.0,845.0,3.0,34.77027468,,C
522.0,0.0,0.0,146.0,0.0,896.0,896.0,28.0,74.98740975999999,515.2025694867855,A
380.0,0.0,0.0,228.0,0.0,932.0,670.0,180.0,53.104130996,373.09648396920016,C
295.71,0.0,95.64,171.54,8.87,955.14,859.2,100.0,52.04164848,291.1127794762149,B
300.0,0.0,0.0,184.0,0.0,1075.0,795.0,,26.848195439999998,293.4302284769332,C
500.0,0.0,0.0,200.0,0.0,1125.0,613.0,180.0,51.04190828,493.17767121668896,C
500.0,0.0,0.0,200.0,0.0,1125.0,613.0,3.0,26.0621928,491.54889271630435,C
228.0,342.1,0.0,185.7,0.0,955.8,674.3,7.0,21.917063088,225.58318944789198,C
133.0,,0.0,,0.0,927.4,839.2,28.0,27.874825204,129.31297718400836,A
198.6,132.4,0.0,192.0,0.0,978.4,825.5,180.0,41.719503284,193.09127181278538,C
246.83,0.0,125.08,,11.99,1086.8,800.89,3.0,23.52492112,240.33856047290118,C
284.0,120.0,0.0,168.0,7.0,970.0,794.0,28.0,40.93419012,275.73304612157335,B
,0.0,0.0,192.0,0.0,978.0,825.0,90.0,37.231704,323.77125804561337,B
146.0,230.0,0.0,202.0,3.0,827.0,872.0,,33.0603742,143.04304212121204,B
480.0,0.0,0.0,192.0,0.0,936.2,712.2,7.0,34.569637164,463.21721908529855,C
337.9,189.0,0.0,174.9,9.5,944.7,755.8,7.0,35.101223159999996,,C
531.3,0.0,0.0,141.8,28.2,852.1,893.7,28.0,56.3991368,521.7446131774485,B
446.0,24.0,79.0,162.0,11.64,967.0,712.0,56.0,55.25460664,438.8223312859894,A
157.0,214.0,152.0,200.0,9.0,819.0,704.0,28.0,33.05347944,155.10137695157061,A
349.0,0.0,0.0,192.0,0.0,1056.0,809.0,28.0,33.60506024,341.4569870272146,B
286.3,200.9,0.0,144.7,11.2,1004.6,803.7,91.0,76.80073164,280.2180850216704,A
234.0,156.0,0.0,189.0,5.85,981.0,760.0,28.0,39.300132,227.20598021139034,B
166.8,250.2,0.0,203.5,0.0,975.6,692.6,28.0,33.947729812,164.42220079137368,A
356.0,119.0,0.0,160.0,9.03,1061.0,657.0,28.0,58.99846132,347.6987764833263,C
397.0,0.0,0.0,185.0,0.0,1040.0,734.0,28.0,39.0932892,389.14732983973,A
313.0,145.0,0.0,127.0,,1000.0,822.0,28.0,44.51946532,306.9497587429845,B
236.0,0.0,0.0,194.0,0.0,968.0,885.0,90.0,21.946021079999998,226.2232080478456,A
190.34,0.0,125.18,161.85,9.88,1088.1,802.59,14.0,22.718234199999998,189.54147347591382,B
250.0,0.0,95.69,191.84,5.33,948.9,857.2,28.0,27.22051248,245.98598600684744,C
289.0,133.7,0.0,194.9,5.5,924.1,760.1,28.0,46.247292176,284.5514381281493,C
475.0,0.0,0.0,228.0,0.0,932.0,594.0,90.0,42.229026048,463.02655635292626,C
491.0,26.0,123.0,201.0,3.93,822.0,,3.0,29.54897143054136,472.28641348647506,B
250.0,0.0,95.69,187.42,5.53,956.86,861.17,14.0,24.91766264,243.8952531296359,C
265.0,111.0,86.0,195.0,6.0,833.0,790.0,,41.540929,262.1930955730039,B
148.0,0.0,182.0,181.0,15.0,839.0,884.0,28.0,15.520104759999999,146.23109990004647,B
362.6,189.0,0.0,164.9,11.6,944.7,755.8,28.0,71.29871315999999,350.935581116492,C
158.4,0.0,194.9,219.7,11.0,897.7,712.9,28.0,8.536402356,151.7447136595802,B
190.34,0.0,125.18,161.85,9.88,1088.1,802.59,28.0,28.46846404,188.14754631101178,B
350.0,0.0,0.0,203.0,0.0,974.0,775.0,,18.12632404,345.56505797289185,B
375.0,93.8,0.0,126.6,23.4,852.1,992.6,56.0,60.19814956,368.3031343870315,A
446.0,,79.0,162.0,11.64,967.0,712.0,7.0,38.01770664,444.8730211797875,B
290.2,193.5,0.0,185.7,0.0,998.2,704.3,28.0,33.0431373,290.38788959224394,A
275.07,0.0,121.35,159.48,9.9,1053.6,777.5,3.0,23.80071152,269.6669462786288,B
310.0,142.8,0.0,167.9,10.0,914.3,804.0,28.0,45.304778483999996,304.1635338478984,B
309.9,142.8,111.2,167.8,22.1,913.9,651.2,28.0,38.215586251999994,308.13982353202266,C
251.37,0.0,118.27,188.45,5.75,1028.4,757.73,28.0,29.654362759999998,244.0534283709157,C
284.0,15.0,141.0,179.0,5.46,842.0,801.0,28.0,43.733462679999995,283.20681084287196,B
182.04,45.21,121.97,170.21,8.19,1059.4,780.65,14.0,21.504756439999998,177.64326786537933,A
178.03,129.8,118.6,179.94,3.57,1007.3,746.8,28.0,39.1622368,177.25429097470547,B
249.1,0.0,98.75,158.11,12.8,987.76,889.01,100.0,51.0556978,,C
295.71,0.0,95.64,171.54,8.87,955.14,859.2,56.0,48.718374159999996,295.0276035785034,C
401.8,94.7,0.0,147.4,11.4,946.8,852.1,7.0,54.09628696,393.14768732639715,B
273.0,0.0,90.0,199.0,11.0,931.0,762.0,28.0,32.23989776,266.31483411823586,A
375.0,0.0,,186.0,0.0,1038.0,758.0,7.0,26.0621928,364.15983587423443,B
336.0,0.0,0.0,182.0,3.0,986.0,817.0,,44.86420332,330.7166266155614,A
144.0,170.0,133.0,192.0,8.0,814.0,805.0,28.0,29.86810032,141.4276595511788,C
393.0,0.0,0.0,192.0,0.0,940.6,785.6,3.0,19.199148695999998,380.44272278345846,A
198.6,132.4,0.0,192.0,0.0,978.4,825.5,28.0,28.021683592,196.96137580628684,B
266.0,114.0,0.0,228.0,0.0,932.0,670.0,365.0,52.908319811999995,259.46075495084614,A
266.0,112.0,87.0,178.0,10.0,910.0,745.0,28.0,39.417342919999996,260.0037056523157,C
350.0,0.0,0.0,,0.0,974.0,775.0,14.0,22.53207568,,B
182.04,45.21,121.97,170.21,8.19,1059.4,780.65,3.0,7.3153403599999995,178.0887351958021,C
153.0,,113.0,178.0,8.0,1002.0,689.0,28.0,25.55887532,152.7829488295449,A
380.0,0.0,0.0,228.0,0.0,,670.0,365.0,52.516697443999995,371.11501653351064,B
540.0,0.0,0.0,173.0,0.0,1125.0,613.0,-30.0,59.76377968,526.1547962828135,B
305.3,203.5,0.0,203.5,0.0,965.4,631.0,3.0,14.143910664,301.56640516353696,A
331.0,,0.0,192.0,0.0,1025.0,821.0,120.0,39.382869119999995,325.7234411501681,A
424.0,22.0,132.0,,8.92,822.0,750.0,28.0,72.09850532,416.9152406285009,A
387.0,20.0,94.0,157.0,13.93,938.0,845.0,56.0,47.96684532,382.06664137639547,C
277.19,97.82,24.46,160.7,11.19,1061.7,782.46,100.0,66.9481196,269.05616420578184,B
374.0,189.2,0.0,170.1,10.1,926.1,756.7,7.0,46.20178676,366.2808453672808,B
425.0,106.3,0.0,151.4,,936.0,803.7,28.0,61.797733879999996,415.78193311758093,A
165.0,0.02,143.57,163.81,0.0,1005.6,900.9,56.0,36.56291228,157.2694265494628,A
313.3,145.0,0.0,178.5,8.0,867.2,824.0,28.0,40.925226931999994,308.50630012698144,A
300.0,0.0,120.0,212.0,10.0,878.0,728.0,28.0,23.83518532,290.7200284263379,C
359.0,19.0,141.0,154.0,10.91,942.0,801.0,56.0,68.75060685418796,356.51415406500973,C
,189.0,0.0,164.9,11.6,944.7,755.8,3.0,35.3011712,356.7902399767177,A
350.0,0.0,0.0,203.0,0.0,974.0,775.0,,32.72253096,345.220042708913,B
277.05,0.0,97.39,160.6,11.83,973.9,875.61,100.0,55.6407132,273.25696572596314,C
173.0,,0.0,192.0,0.0,946.8,856.8,3.0,6.940954892,167.39837552789055,A
168.88,42.22,124.25,158.33,10.83,1080.8,796.15,56.0,39.14844728,164.38665625603613,B
213.76,98.06,24.52,181.74,6.65,1066.0,785.52,56.0,47.13257936,208.99680223836526,C
331.0,0.0,0.0,192.0,0.0,1025.0,821.0,,31.74347504,320.9595172426213,C
366.0,187.0,0.0,191.3,6.6,824.3,756.9,28.0,65.909079268,360.58173113320123,A
277.0,0.0,0.0,191.0,0.0,968.0,856.0,3.0,11.36256448,272.7989664426292,C
266.0,114.0,0.0,228.0,0.0,932.0,670.0,28.0,45.854290856,260.62959652748714,C
313.0,0.0,113.0,178.0,8.0,1002.0,689.0,28.0,36.80422888,301.06416124006427,A
139.6,209.4,0.0,192.0,0.0,1047.0,806.9,28.0,28.23748958,,C
387.0,20.0,94.0,157.0,13.93,938.0,845.0,3.0,25.510612,381.25675570894026,A
284.0,15.0,141.0,179.0,5.46,,801.0,3.0,13.395533715270679,275.4095514410458,C
251.37,0.0,118.27,188.45,6.35,,757.73,100.0,44.209201119999996,247.7058610146431,B
212.07,0.0,121.62,180.31,5.69,1057.6,779.32,100.0,39.6103962,205.19414289921374,B
150.0,236.8,0.0,173.8,11.9,1069.3,674.8,,37.431652039999996,146.67081764491712,B
,0.0,118.27,188.45,5.75,1028.4,757.73,100.0,43.58177796,249.9160288592666,B
359.0,19.0,141.0,154.0,10.91,942.0,801.0,-30.0,59.494884039999995,356.0314641761997,A
238.1,0.0,0.0,185.7,0.0,1118.8,789.3,7.0,10.335934715999999,229.67087706238027,B
153.0,145.0,0.0,178.0,8.0,1000.0,822.0,28.0,19.00885332,142.43490046752103,C
164.0,163.0,128.0,197.0,8.0,961.0,641.0,28.0,27.234302,166.36652464061214,A
173.0,116.0,0.0,192.0,0.0,,856.8,7.0,11.392211948,164.42304335195345,C
318.8,212.5,0.0,155.7,14.3,852.1,880.4,7.0,33.398217439999996,,A
147.0,115.0,89.0,202.0,9.0,860.0,829.0,28.0,19.98790924,140.67665770532486,A
500.0,0.0,0.0,140.0,4.0,966.0,853.0,28.0,67.568648,488.62690170712955,A
424.0,22.0,132.0,178.0,8.48,822.0,750.0,28.0,62.052839999999996,416.8246528143909,B
,174.0,185.0,228.0,7.0,845.0,612.0,28.0,24.3385028,154.41592260664152,A
238.0,0.0,,186.0,0.0,1119.0,789.0,28.0,17.54026944,235.66102484583342,A
491.0,26.0,,201.0,3.93,822.0,699.0,28.0,57.915983999999995,485.27158668944173,B
249.1,0.0,98.75,158.11,12.8,987.76,889.01,56.0,42.030456959999995,247.63174128040194,A
165.0,0.02,143.57,163.81,0.0,,900.9,3.0,14.39625888,161.3473734980156,A
159.0,149.0,116.0,175.0,15.0,953.0,720.0,28.0,27.67556664,161.33216002646256,A
313.3,262.2,0.0,175.5,8.6,1046.9,611.8,91.0,66.59648684,304.56983996232685,C
,305.3,0.0,203.5,0.0,963.4,630.0,90.0,51.863763672,199.14146318923002,C
332.5,142.5,0.0,228.0,0.0,932.0,594.0,180.0,39.779317819999996,326.71735819606994,A
401.8,94.7,0.0,147.4,11.4,946.8,852.1,28.0,68.4994406,391.84474540175074,C
427.5,47.5,0.0,228.0,0.0,932.0,594.0,28.0,37.427515183999994,,A
,0.0,95.69,187.42,5.53,956.86,861.17,3.0,13.817099039999999,241.48530011352398,A
333.0,0.0,0.0,192.0,0.0,931.2,842.6,7.0,23.404952295999998,,C
212.0,0.0,124.78,159.0,7.84,1085.4,799.54,3.0,19.519065559999998,209.1746155676354,A
475.0,0.0,0.0,228.0,0.0,932.0,594.0,270.0,42.131120456,463.05868181525636,C
252.31,0.0,98.75,146.25,14.17,987.76,889.01,14.0,42.29245784,249.45612407341594,C
166.8,250.2,0.0,203.5,0.0,975.6,692.6,3.0,6.902344236,162.29260815161157,A
167.35,129.9,128.62,175.46,7.79,1006.3,746.6,100.0,53.65502232,161.50289358215176,B
166.0,259.7,0.0,183.2,12.7,858.8,826.8,28.0,37.917043144,156.35613997466768,B
108.3,162.4,0.0,203.5,0.0,938.2,849.0,28.0,20.593958644,106.66618834391082,C
264.5,111.0,86.5,195.5,5.9,832.6,790.4,28.0,41.542307951999994,260.43948537198605,B
427.5,47.5,0.0,228.0,0.0,932.0,594.0,7.0,35.076402024,419.606065790187,A
262.0,111.0,86.0,195.0,5.0,895.0,733.0,28.0,33.7153764,251.64802141216887,C
298.1,0.0,107.0,186.4,6.1,879.0,815.2,28.0,42.6440906,293.2745278103752,B
304.0,76.0,0.0,228.0,0.0,932.0,670.0,90.0,49.185149411999994,,A
387.0,20.0,94.0,157.0,14.32,938.0,845.0,56.0,56.33708396,378.3339808333607,C
310.0,0.0,0.0,192.0,0.0,970.0,850.0,180.0,37.32823064,302.2881267757682,B
313.0,161.0,0.0,178.0,10.0,917.0,759.0,28.0,52.44154456,304.7119480829559,B
323.7,282.8,0.0,183.8,10.3,942.7,659.9,28.0,74.69782984,316.0565705905327,A
237.5,237.5,0.0,228.0,0.0,932.0,594.0,28.0,30.079769451999997,232.40815762703537,A
323.7,282.8,0.0,183.8,10.3,942.7,659.9,56.0,80.19984832,315.76707627278,C
349.0,0.0,0.0,192.0,0.0,1047.0,806.0,28.0,32.72253096,341.5668443671792,C
425.0,106.3,0.0,153.5,16.5,852.1,887.1,7.0,49.20100736,412.15866258273076,A
150.9,0.0,183.9,166.6,11.6,991.2,772.2,28.0,15.569747031999999,150.35325939562856,B
153.0,239.0,0.0,200.0,6.0,1002.0,684.0,28.0,26.8550902,148.93218232487956,B
277.05,0.0,97.39,160.6,11.83,973.9,875.61,3.0,23.13881456,271.32502696251345,B
166.09,0.0,163.27,176.46,4.49,1058.6,780.09,28.0,21.53923024,163.49569037381366,B
173.81,93.37,159.9,172.34,9.73,1007.2,746.6,56.0,48.9872698,176.1868376803789,C
313.0,145.0,0.0,178.0,8.0,1002.0,689.0,28.0,41.05140104,309.70221543513924,A
425.0,106.3,0.0,151.4,18.6,936.0,803.7,56.0,64.90037588,410.1038611578061,B
173.81,93.37,159.9,172.34,9.73,1007.2,746.6,100.0,50.93848688,168.957774145182,A
,0.0,118.27,192.94,5.75,1043.6,754.3,14.0,20.72564856,247.7666912653896,C
380.0,95.0,0.0,228.0,0.0,932.0,594.0,180.0,40.759063216,,B
139.6,209.4,0.0,192.0,0.0,1047.0,806.9,360.0,44.698039603999995,135.76182478325467,B
325.6,166.4,0.0,174.0,8.9,881.6,790.0,28.0,61.23581094,317.5857657687293,A
379.5,151.2,0.0,153.9,15.9,1134.3,605.0,28.0,52.20022796,367.77994155733103,A
337.9,189.0,0.0,174.9,,944.7,755.8,56.0,59.89478012,328.9663218063927,B
266.0,114.0,0.0,228.0,0.0,932.0,670.0,90.0,47.029847436000004,256.7734614794131,C
350.0,0.0,0.0,186.0,0.0,1050.0,770.0,28.0,34.29453624,341.98802451379447,A
133.0,200.0,0.0,192.0,0.0,927.4,839.2,90.0,36.588422892,128.77603124408816,B
322.0,0.0,0.0,,0.0,974.0,800.0,180.0,29.58541516,309.2100366530884,C
154.8,183.4,0.0,193.3,9.1,877.2,867.7,28.0,23.786922,149.47742371800769,B
159.0,209.0,161.0,201.0,7.0,848.0,669.0,28.0,30.881630039999997,155.8380500413082,C
194.68,0.0,100.52,170.17,7.48,998.0,901.8,3.0,12.17614616,194.7694583968031,B
469.0,117.2,0.0,137.8,32.2,852.1,,7.0,54.896079119999996,,A
288.0,192.0,0.0,192.0,0.0,932.0,717.8,90.0,50.526869708,281.5048180464279,C
190.68,0.0,125.4,162.14,7.77,1090.0,804.01,3.0,15.04436632,186.37607130442646,B
200.0,133.0,0.0,192.0,0.0,965.4,806.2,3.0,11.414275179999999,193.39285825640565,A
166.09,0.0,163.27,176.46,4.49,1058.6,780.09,3.0,10.76272036,160.6803721649879,C
116.0,173.0,0.0,192.0,0.0,909.8,891.9,3.0,6.280436883999999,113.0153916528076,C
528.0,0.0,0.0,185.0,6.86,920.0,720.0,28.0,56.83350668,518.7589098180509,B
491.0,26.0,123.0,201.0,3.93,822.0,699.0,56.0,61.85584685418796,488.4412450367422,B
540.0,0.0,0.0,173.0,0.0,1125.0,,7.0,52.61391356,528.3022058883442,C
333.0,0.0,0.0,192.0,0.0,931.2,842.6,3.0,15.615941924,323.8613116009081,C
190.0,190.0,0.0,228.0,0.0,932.0,670.0,270.0,50.655112243999994,187.95866699407782,B
200.0,133.0,0.0,192.0,,965.4,806.2,7.0,17.165883972,192.90755883918655,A
167.0,75.4,167.0,164.03,7.91,1007.3,770.1,100.0,56.8128224,160.30784766103116,A
332.5,142.5,0.0,228.0,0.0,932.0,594.0,90.0,37.721921436,,C
225.0,0.0,0.0,181.0,0.0,1113.0,833.0,7.0,11.169511199999999,213.26165900721153,C
362.6,189.0,0.0,164.9,11.6,944.7,755.8,3.0,35.3011712,353.9397929793918,C
158.8,238.2,0.0,185.7,0.0,1040.6,734.3,28.0,21.066249704,158.32455369205988,B
166.09,0.0,163.27,176.46,4.49,1058.6,780.09,14.0,25.48303296,162.0966235493585,C
,118.0,92.0,183.0,7.0,953.0,780.0,28.0,23.51802636,146.13574336894277,C
272.8,181.9,0.0,185.7,,1012.4,714.3,28.0,31.38150014,269.7818038632609,C
,136.3,106.2,178.1,7.5,941.5,774.3,28.0,26.147687824,142.77444259906935,B
382.0,0.0,0.0,186.0,0.0,1047.0,739.0,7.0,24.00065956,375.12564025056764,B
192.0,288.0,,192.0,0.0,929.8,716.1,28.0,39.321505756,189.60620050657658,C
,190.0,0.0,228.0,0.0,932.0,670.0,90.0,42.32693164,189.58172362090409,B
374.0,189.2,0.0,170.1,10.1,926.1,756.7,28.0,61.09446836,367.21802863406407,A
167.0,187.0,195.0,185.0,7.0,898.0,636.0,28.0,23.8903434,168.60218199281,C
376.0,0.0,0.0,214.6,0.0,1003.5,762.36,3.0,16.27852836,370.1423495039723,C
153.0,102.0,0.0,192.0,0.0,888.0,943.1,28.0,17.96429718,143.18466812814285,C
382.0,0.0,0.0,186.0,0.0,1111.0,784.0,7.0,11.46598588,374.3961595418055,C
213.74,0.0,174.74,154.79,10.16,1053.5,,3.0,17.57474324,214.31382904495362,C
141.3,212.0,0.0,203.5,0.0,971.8,748.5,28.0,29.89223198,138.96717210893192,C
133.0,210.0,0.0,196.0,3.0,949.0,795.0,28.0,31.026419999999998,130.0297396592761,A
213.76,98.06,24.52,181.74,6.65,1066.0,785.52,,40.2309246,203.042932910784,B
480.0,,0.0,192.0,0.0,936.2,712.2,28.0,43.942373908,473.84343798220067,C
255.0,0.0,0.0,,0.0,889.8,945.0,7.0,10.222171176,249.36232012365073,B
382.5,0.0,0.0,185.7,0.0,1047.8,,7.0,24.065470304,375.00342617565644,A
,92.0,71.0,247.0,6.0,853.0,695.0,28.0,28.62704352,232.44900710500409,A
425.0,106.3,0.0,153.5,16.5,852.1,887.1,,64.30053176,416.97114570233606,A
525.0,0.0,0.0,189.0,0.0,1125.0,613.0,7.0,42.42345828,513.2940222596123,B
218.23,54.64,123.78,140.75,11.91,1075.7,792.67,28.0,55.50971276,215.0155815930605,A
213.72,98.05,24.51,181.71,6.86,1065.8,785.38,3.0,17.9953236,208.58344991535245,B
152.0,178.0,139.0,168.0,18.0,944.0,695.0,28.0,36.34917472,147.82058046463032,A
362.6,189.0,0.0,164.9,11.6,944.7,755.8,7.0,55.89581932,356.06120680699684,B
349.0,0.0,0.0,192.0,0.0,1047.0,806.0,90.0,39.48629052,,C
200.0,133.0,0.0,192.0,0.0,965.4,806.2,90.0,43.25082948,197.67564687782266,B
275.0,0.0,0.0,183.0,0.0,1088.0,808.0,7.0,14.2032056,263.68948587813946,C
387.0,20.0,94.0,157.0,13.93,938.0,845.0,7.0,45.89841732,378.4012537993329,B
313.3,262.2,0.0,175.5,8.6,1046.9,611.8,7.0,42.79577532,301.9719966981259,C
172.38,13.61,172.37,156.76,4.14,1006.3,856.4,28.0,33.68779736,167.33069928487933,C
251.37,0.0,118.27,188.45,5.75,1028.4,757.73,3.0,17.22311048,251.06266470742574,B
213.5,0.0,174.24,154.61,11.66,1052.3,775.48,3.0,17.36790044,213.6578471441605,A
349.0,0.0,0.0,192.0,0.0,1047.0,806.0,7.0,18.12632404,338.7727184078351,C
166.09,0.0,163.27,176.46,4.49,1058.6,780.09,56.0,28.62704352,163.29792007536113,A
289.0,0.0,0.0,192.0,0.0,913.2,895.3,,11.654902304,284.57700185192937,C
379.5,151.2,,153.9,15.9,1134.3,605.0,56.0,54.896079119999996,371.74865234754503,A
525.0,0.0,0.0,,0.0,1125.0,613.0,90.0,58.78472376,511.0817129967253,A
393.0,0.0,0.0,,0.0,940.0,758.0,3.0,19.10537996,386.27784010309546,B
315.0,137.0,0.0,145.0,5.9,1130.0,745.0,28.0,81.75116932,312.62865205458155,C
310.0,0.0,0.0,192.0,0.0,970.0,850.0,,38.11423328,301.91580174882387,B
,200.9,0.0,144.7,,1004.6,803.7,7.0,37.997022359999995,281.87727093063756,C
288.0,192.0,0.0,192.0,0.0,932.0,717.8,3.0,16.10960674,274.5457669745383,C
156.0,178.0,187.0,221.0,7.0,854.0,614.0,28.0,29.41304616,154.6486406581068,C
500.0,0.0,0.0,151.0,9.0,1033.0,655.0,28.0,69.83702404,489.2024836242539,C
,144.0,112.0,220.0,10.0,923.0,658.0,28.0,16.49916068,155.6043146054107,B
236.0,157.0,0.0,192.0,0.0,972.6,-400.0,7.0,20.416073836,232.09710926582272,C
439.0,177.0,0.0,186.0,11.1,884.9,707.9,28.0,65.99664272,427.17326275637737,B
446.0,24.0,79.0,162.0,10.3,967.0,712.0,56.0,54.765078679999995,436.90965041682193,A
342.0,38.0,0.0,228.0,0.0,,670.0,365.0,56.141962252,332.28335219751295,C
297.16,0.0,,174.8,9.52,1022.8,753.45,28.0,47.401475,292.1299001870908,C
446.0,24.0,79.0,162.0,11.64,967.0,712.0,56.0,56.14403068,437.35456053451963,C
446.0,24.0,79.0,162.0,11.61,967.0,712.0,56.0,61.06688932,441.3796435198185,A
252.31,0.0,98.75,146.25,14.17,987.76,889.01,3.0,21.78054684,252.7257384729404,A
102.0,153.0,,192.0,0.0,887.0,942.0,90.0,25.460969728000002,96.64877790665398,B
168.88,42.22,124.25,158.33,10.83,1080.8,796.15,3.0,7.3980774799999995,164.79184920647094,A
153.1,145.0,,178.5,8.0,1001.9,688.7,28.0,25.559564796,150.9060774708713,C
295.71,0.0,95.64,171.54,8.87,955.14,859.2,14.0,35.2322236,293.3280356669331,A
252.31,0.0,98.75,146.25,14.17,987.76,889.01,56.0,55.82687172,247.0629404813054,A
213.76,98.06,,,6.65,1066.0,785.52,3.0,13.18278112,207.29754848676916,B
298.2,0.0,,209.7,,879.6,744.2,28.0,31.875164956000003,293.1841436119328,B
531.3,0.0,0.0,141.8,28.2,852.1,893.7,91.0,59.19840936,522.0122166044462,A
167.95,42.08,,,5.72,1058.7,780.11,28.0,24.24197616,172.14342211260174,B
297.8,137.2,106.9,,6.0,878.4,655.3,28.0,53.524711356,289.656139190879,B
213.5,0.0,174.24,154.61,11.66,1052.3,775.48,28.0,45.939785879999995,211.7697519575302,B
218.85,0.0,124.13,158.49,11.33,1078.7,794.91,3.0,15.340841,217.00615557145593,A
116.0,173.0,0.0,192.0,0.0,909.8,891.9,90.0,31.023662096000002,,A
164.6,0.0,150.4,181.6,11.7,1023.3,728.9,28.0,18.033934256,163.31823772660655,B
172.38,13.61,172.37,156.76,4.14,1006.3,856.4,56.0,35.852751999999995,170.08253133954742,C
158.0,0.0,195.0,220.0,11.0,898.0,713.0,28.0,8.53571288,152.34088983161197,C
350.0,0.0,0.0,203.0,0.0,974.0,775.0,56.0,29.97841648,346.74899580113134,A
284.0,15.0,141.0,179.0,5.46,842.0,801.0,7.0,24.13166,275.6569130328563,B
238.05,0.0,94.11,186.66,7.0,949.91,847.01,3.0,19.93275116,239.67674133608492,C
152.7,144.7,0.0,178.1,8.0,999.7,822.2,28.0,19.009542795999998,151.00130580282294,A
203.5,305.3,0.0,203.5,0.0,963.4,630.0,28.0,41.684340008,196.68453165246223,A
222.36,,96.67,189.29,4.46,967.08,870.32,28.0,24.8900836,218.46250331166573,A
236.0,0.0,0.0,193.0,0.0,968.0,885.0,365.0,25.083136879999998,228.1770758449768,C
252.31,0.0,98.75,146.25,14.17,987.76,889.01,28.0,50.60064364,242.54767923304027,C
387.0,20.0,94.0,157.0,11.61,938.0,845.0,28.0,46.68441996,380.55090407687265,A
500.0,0.0,0.0,200.0,,1125.0,613.0,1.0,12.63809508,495.39278356730296,B
154.8,0.0,142.8,193.3,9.1,877.2,867.7,28.0,9.738159024,152.8271593551188,A
212.0,0.0,124.78,159.0,7.84,1085.4,799.54,28.0,38.500339839999995,208.2262879830054,B
157.0,236.0,0.0,192.0,0.0,935.4,781.2,7.0,16.889404096,152.5856788166207,B
194.68,0.0,100.52,165.62,7.48,1006.4,905.9,28.0,25.72434956,192.71638038406715,B
212.57,0.0,100.39,159.35,10.37,1003.8,903.79,28.0,37.404073,207.51943752997315,B
491.0,26.0,123.0,201.0,3.93,822.0,699.0,7.0,37.92118,479.5495134762021,B
152.6,238.7,0.0,200.0,6.3,1001.8,683.9,28.0,26.859916531999996,151.84846861535274,A
480.0,0.0,0.0,192.0,0.0,936.0,721.0,90.0,54.27555072,467.33813094145995,B
203.5,135.7,0.0,185.7,0.0,1076.2,759.3,7.0,11.957582268,197.47125156600586,B
376.0,0.0,0.0,214.6,,1003.5,762.36,14.0,25.62092816,,A
194.68,0.0,100.52,165.62,,1006.4,905.9,100.0,37.34202016,190.7710343998398,C
312.7,0.0,0.0,178.1,8.0,999.7,822.2,28.0,25.10382116,307.13444514639076,B
213.5,0.0,174.24,159.21,11.66,,771.9,56.0,51.25564584,209.7105717799512,A
220.8,147.2,0.0,185.7,0.0,1055.0,744.3,28.0,25.745033839999998,216.1719588550438,C
251.37,0.0,118.27,192.94,5.75,1043.6,754.3,56.0,39.2656582,243.80561690169796,C
229.97,0.0,118.31,195.47,4.63,1029.4,758.59,,31.53663224,225.46249447778325,A
480.0,0.0,0.0,192.0,0.0,936.2,712.2,90.0,54.315540328,468.0403026746875,A
310.0,0.0,0.0,192.0,0.0,1012.0,830.0,90.0,35.763120119999996,301.0313406743142,A
425.0,106.3,0.0,153.5,16.5,852.1,887.1,3.0,33.398217439999996,417.87032571267224,A
236.0,157.0,0.0,192.0,0.0,972.6,749.1,90.0,47.782065751999994,235.7751233208902,C
255.5,170.3,0.0,185.7,0.0,1026.6,724.3,7.0,17.236210524,247.29321198826648,C
385.0,0.0,0.0,186.0,0.0,966.0,763.0,28.0,31.35047372,375.63142412345263,B
148.1,0.0,182.1,181.4,15.0,838.9,884.3,28.0,15.526310044,142.13886331399186,C
229.97,0.0,118.31,195.47,4.63,1029.4,758.59,3.0,10.0318758,224.36822967789755,A
173.54,50.05,173.53,164.77,6.47,1006.2,793.5,28.0,38.20386516,166.85994276613093,B
203.5,305.3,0.0,203.5,0.0,963.4,630.0,7.0,19.539060364,199.00399035677745,C
322.0,149.0,0.0,186.0,8.0,951.0,709.0,28.0,52.42086028,309.7490992018838,B
285.0,190.0,0.0,163.0,7.6,1031.0,685.0,28.0,53.57917996,281.7615854262523,A
202.0,11.0,141.0,206.0,1.72,942.0,801.0,3.0,9.84965714581204,199.964978054324,A
375.0,93.8,0.0,126.6,23.4,852.1,992.6,3.0,28.99936056,367.9272772082117,C
,0.0,0.0,192.0,,936.2,712.2,3.0,24.404692496,465.34059554629766,A
249.1,0.0,98.75,158.11,,987.76,889.01,3.0,15.361525279999999,240.5830891306554,C
,212.0,0.0,,0.0,971.8,748.5,90.0,39.6621069,134.8263272276876,A
210.7,316.1,0.0,185.7,0.0,977.0,689.3,7.0,21.819846971999997,204.18939416771084,A
151.0,0.0,185.0,167.0,16.0,1074.0,678.0,28.0,13.45857152,146.30681333751434,B
446.0,24.0,79.0,162.0,10.3,967.0,712.0,28.0,53.38612668,438.93751335092617,B
246.83,0.0,125.08,,11.99,,800.89,100.0,66.42411784,238.8522479006788,B
469.0,117.2,0.0,137.8,32.2,852.1,840.5,28.0,66.89985628,460.2799900519153,C
387.0,20.0,94.0,157.0,13.93,938.0,845.0,,46.68441996,376.9215528098237,B
,42.08,163.83,5000.0,5.72,1058.7,780.11,100.0,39.2311844,162.0312699483235,A
322.2,0.0,115.6,196.0,10.4,817.9,813.4,28.0,31.178794196000002,309.21536980653156,C
273.0,105.0,82.0,210.0,9.0,904.0,680.0,28.0,37.16965116,259.5214967006912,A
313.8,0.0,112.6,169.9,10.1,925.3,782.9,28.0,38.461039708,306.7024484833613,C
280.0,129.0,100.0,172.0,9.0,825.0,805.0,28.0,52.82075636,276.9538567245343,C
255.0,99.0,77.0,189.0,6.0,919.0,749.0,28.0,33.79811352,250.2576775833822,C
,0.0,0.0,180.0,0.0,1125.0,845.0,28.0,12.24509376,192.8782418424627,C
139.6,209.4,0.0,192.0,0.0,1047.0,806.9,180.0,44.207822168,136.34441155379358,B
349.0,0.0,0.0,192.0,0.0,1056.0,809.0,120.0,40.85834776,342.4943572547153,B
337.9,189.0,0.0,174.9,9.5,944.7,755.8,3.0,24.0971862,329.87210506386754,A
540.0,0.0,0.0,162.0,2.5,1040.0,676.0,28.0,79.98611076,530.1141512392634,C
297.16,0.0,117.54,174.8,9.52,,753.45,56.0,51.95891136,291.4329007196978,A
302.0,0.0,,,0.0,974.0,817.0,14.0,18.12632404,297.1337939797997,A
,0.0,0.0,187.0,0.0,1025.0,745.0,7.0,30.143890719999998,387.5167831405421,C
229.97,0.0,118.31,195.47,4.63,1029.4,758.59,100.0,35.34253976,223.91809169999925,C
116.0,173.0,0.0,192.0,0.0,909.8,891.9,28.0,22.347985588,111.33275099811566,A
250.2,166.8,0.0,203.5,0.0,977.6,694.1,7.0,19.35014394,244.95123669094463,B
305.0,0.0,100.0,196.0,10.0,959.0,705.0,28.0,30.12320644,299.00672943095384,B
475.0,0.0,0.0,228.0,0.0,932.0,594.0,7.0,38.60376124,466.79246300902366,B
167.0,75.4,,164.03,7.91,1007.3,770.1,56.0,53.46196904,164.7063276821389,A
237.5,237.5,0.0,228.0,0.0,932.0,594.0,90.0,33.116911232,228.378532540433,C
374.0,0.0,0.0,190.0,7.0,1013.0,730.0,28.0,39.05192064,,C
236.0,0.0,0.0,194.0,0.0,968.0,885.0,14.0,12.83804312,233.5687794470108,B
359.0,19.0,141.0,154.0,10.91,942.0,801.0,3.0,25.11662571527068,350.49239286432345,A
246.83,0.0,125.08,,11.99,1086.8,800.89,56.0,60.32225524,239.79660871426378,C
212.57,0.0,100.39,159.35,10.37,1003.8,903.79,56.0,44.395359639999995,209.01510966887878,B
388.6,97.1,0.0,157.9,12.1,852.1,925.7,56.0,55.19944856,380.40562734075087,B
251.81,0.0,99.94,146.14,12.35,1006.0,899.76,28.0,33.94290348,246.9734374475776,A
212.0,0.0,124.78,159.0,,1085.4,799.54,56.0,45.08483564,208.8152692251976,B
272.6,0.0,89.6,198.7,10.6,931.3,762.2,28.0,32.245413568000004,271.2596229658424,B
310.0,0.0,0.0,,0.0,970.0,850.0,28.0,27.923778,302.06631767576704,A
387.0,20.0,94.0,157.0,11.61,938.0,845.0,56.0,61.45989064,373.7657817473546,B
237.5,237.5,0.0,228.0,0.0,932.0,594.0,270.0,38.407950056000004,236.13691687816268,A
385.0,0.0,0.0,186.0,0.0,966.0,763.0,1.0,6.26733684,379.2107188501166,C
203.5,305.3,0.0,203.5,0.0,963.4,630.0,3.0,9.561653168,198.8266860364435,A
251.37,0.0,118.27,192.94,5.75,1043.6,754.3,28.0,33.27411176,245.31424154740688,C
178.03,129.8,118.6,179.94,3.57,1007.3,746.8,100.0,49.99390476,175.41112463437267,A
144.0,15.0,195.0,176.0,6.0,1021.0,709.0,28.0,15.340841,142.46497219791948,A
173.81,93.37,159.9,172.34,9.73,1007.2,746.6,3.0,15.81657944,172.58210169918323,B
164.0,0.0,200.0,181.0,13.0,849.0,846.0,28.0,15.08573488,162.7197180058286,A
451.0,0.0,0.0,165.0,11.25,1030.0,745.0,28.0,78.80021203999999,438.2250583576816,B
289.0,0.0,0.0,192.0,0.0,913.2,895.3,90.0,32.068218236,281.8743073759149,A
321.4,0.0,127.9,182.5,,870.1,779.7,28.0,37.265488323999996,313.9615040970782,A
,0.0,125.08,143.3,11.99,1086.8,800.89,28.0,52.5035974,243.8060014326931,B
214.9,53.8,121.89,155.63,9.61,1014.3,,28.0,52.20022796,,B
540.0,0.0,0.0,162.0,2.5,1055.0,676.0,28.0,61.887365759999994,526.0800476812785,B
446.0,24.0,79.0,162.0,11.64,967.0,712.0,3.0,25.021084039999998,440.27155459820307,A
424.0,22.0,132.0,168.0,8.92,822.0,750.0,56.0,74.3649114581204,417.8924183650702,C
143.6,0.0,174.9,158.4,17.9,942.7,844.5,28.0,15.42357812,146.11111016380104,B
295.71,0.0,95.64,171.54,8.87,955.14,859.2,3.0,22.94576128,294.9927348162298,C
525.0,0.0,0.0,189.0,0.0,1125.0,613.0,3.0,33.79811352,515.4343585029103,B
339.0,0.0,0.0,,0.0,968.0,781.0,28.0,32.039949719999996,330.487383337933,C
,,142.7,190.7,8.4,967.4,643.5,28.0,29.726068263999995,146.86876093720895,A
252.0,97.0,76.0,194.0,8.0,835.0,821.0,28.0,33.398217439999996,244.83820641014563,B
475.0,118.8,0.0,181.1,8.9,852.1,781.5,91.0,74.19451236,466.6548528983176,A
167.35,129.9,128.62,175.46,7.79,1006.3,746.6,56.0,51.72448952,167.34677733373212,C
349.0,0.0,0.0,192.0,0.0,1047.0,806.0,3.0,14.98920824,347.2069860226571,A
359.0,19.0,141.0,154.0,10.91,942.0,801.0,56.0,66.78067543054136,350.7346885676675,C
424.0,22.0,132.0,178.0,8.48,822.0,750.0,56.0,65.69721314581203,,C
153.0,102.0,0.0,192.0,0.0,888.0,943.1,7.0,8.374375495999999,149.30792995691053,B
166.8,250.2,0.0,203.5,0.0,975.6,692.6,90.0,43.565230536,160.397159155058,A
157.0,236.0,0.0,192.0,0.0,935.4,781.2,3.0,9.694722036,153.82374604763518,B
238.05,0.0,94.11,186.66,7.0,949.91,847.01,28.0,30.2335226,229.9986432646361,C
277.19,97.82,24.46,,11.19,1061.7,782.46,,30.44726016,274.85161466796706,C
334.0,17.6,158.0,189.0,15.3,967.0,633.0,28.0,44.32641204,328.69815731514984,C
144.0,0.0,175.0,158.0,18.0,943.0,844.0,28.0,15.41668336,138.43696186176743,B
439.0,177.0,0.0,186.0,11.1,884.9,707.9,91.0,73.29819356,434.1380052251204,A
202.0,11.0,141.0,,1.72,942.0,801.0,7.0,15.069975430541358,195.89488315330772,B
213.72,98.05,24.51,181.71,6.86,1065.8,,56.0,50.77301264,210.392415010771,A
251.37,0.0,118.27,188.45,5.75,1028.4,757.73,14.0,29.93015316,247.5001396576695,A
,124.1,0.0,185.7,0.0,1083.4,764.3,7.0,7.995853172,183.1823451049298,A
374.0,189.2,0.0,170.1,10.1,926.1,756.7,91.0,64.90037588,372.90540919730546,B
332.5,142.5,0.0,228.0,0.0,932.0,594.0,7.0,30.275580636,324.46294462200626,A
500.1,0.0,0.0,200.0,3.0,1124.4,613.2,28.0,44.13335876,485.8597023483229,B
389.9,189.0,0.0,145.9,22.0,944.7,755.8,91.0,82.5992248,382.76014750409155,B
366.0,187.0,0.0,191.0,,,757.0,28.0,65.90701084,,A
275.07,0.0,121.35,159.48,9.9,1053.6,777.5,28.0,51.331488199999995,267.55517916781025,A
239.6,359.4,0.0,185.7,0.0,941.6,664.3,7.0,25.422359072,240.91321990819318,C
203.5,135.7,0.0,185.7,0.0,1076.2,759.3,28.0,22.629981272,200.52036301351723,A
213.76,98.06,24.52,181.74,6.65,1066.0,785.52,14.0,17.83674412,207.52236067979658,A
135.7,203.5,0.0,185.7,0.0,1076.2,759.3,28.0,18.19871902,136.72984995517828,B
379.5,151.2,,153.9,15.9,1134.3,605.0,7.0,47.09810556,374.4309244123722,C
212.52,0.0,100.37,159.32,8.71,1007.8,903.59,100.0,42.919881,207.86813110645187,C
540.0,0.0,0.0,173.0,0.0,1125.0,613.0,3.0,41.63745564,529.3167396207044,B
213.5,0.0,174.24,159.21,11.66,1043.6,771.9,28.0,44.63667624,210.31576556178652,B
233.81,0.0,94.58,,4.567,947.04,852.16,28.0,22.83544512,228.5952423601522,C
143.0,,143.0,191.0,8.0,967.0,643.0,28.0,29.72331036,139.20476100753265,B
359.0,19.0,141.0,154.0,10.91,942.0,801.0,28.0,62.935369279999996,351.2459680399148,A
296.0,0.0,107.0,221.0,11.0,819.0,778.0,28.0,31.419421319999998,289.41709804664094,B
252.0,0.0,0.0,185.0,0.0,1111.0,784.0,28.0,19.691434559999998,247.61169358443158,C
,0.0,0.0,186.0,0.0,1040.0,734.0,28.0,36.93522932,383.48049378036313,B
326.0,0.0,138.0,199.0,11.0,801.0,792.0,28.0,40.679083999999996,318.1859816852815,C
381.4,0.0,0.0,185.7,0.0,1104.6,784.3,7.0,14.54104884,370.2421558417121,A
165.0,0.02,,163.81,0.0,1005.6,900.9,100.0,37.9556538,162.69921111785476,C
318.8,212.5,0.0,155.7,14.3,852.1,880.4,3.0,25.2003478,310.4382221768,C
331.0,0.0,0.0,192.0,0.0,978.0,825.0,180.0,38.99676256,320.54047712707995,A
136.0,162.0,,172.0,10.0,923.0,764.0,28.0,29.06830816,132.3262803541146,C
,17.2,158.0,167.0,20.8,967.0,633.0,28.0,55.647607959999995,389.22306075617115,A
194.68,0.0,100.52,170.17,7.48,998.0,901.8,100.0,44.27814872,187.90012665097512,A
139.6,209.4,0.0,192.0,0.0,1047.0,,3.0,8.06342182,140.4756240160221,C
380.0,95.0,0.0,228.0,0.0,932.0,594.0,90.0,40.563252031999994,375.03535090392177,C
194.68,0.0,100.52,170.17,7.48,998.0,901.8,28.0,37.2661778,194.74838496658452,A
380.0,95.0,0.0,228.0,0.0,932.0,594.0,270.0,41.15137506,373.99692755666,B
181.38,0.0,167.01,169.59,7.56,1055.6,777.8,14.0,21.601283079999998,176.33782557765014,C
333.0,0.0,0.0,192.0,0.0,931.2,842.6,28.0,31.966865263999996,326.9501647218598,C
446.0,24.0,79.0,162.0,11.64,967.0,712.0,28.0,44.42293868,436.2269084858797,C
500.0,0.0,0.0,200.0,0.0,1125.0,613.0,90.0,47.22221124,492.9871041576998,C
277.0,0.0,,191.0,0.0,968.0,856.0,14.0,21.26343984,272.1658283347648,C
238.0,0.0,0.0,186.0,0.0,1119.0,789.0,,12.052040479999999,235.57330216725478,B
213.5,0.0,174.24,159.21,11.66,1043.6,771.9,3.0,15.60973664,212.49765249013237,A
425.0,106.3,0.0,153.5,16.5,852.1,887.1,91.0,65.19685056,419.01546761120903,A
250.0,0.0,95.69,191.84,5.33,948.9,857.2,56.0,9999.0,245.20814340539835,A
168.88,42.22,124.25,,10.83,1080.8,796.15,14.0,23.5111316,166.03193726411735,B
146.5,114.6,89.3,201.9,8.8,860.0,829.5,28.0,19.98790924,142.12162952382607,A
331.0,170.0,0.0,195.0,8.0,811.0,802.0,28.0,56.61287436,323.9376725302455,C
153.6,144.2,112.3,220.1,10.1,923.2,657.9,28.0,16.503987012,149.62014072158865,C
516.0,0.0,0.0,162.0,8.26,801.0,802.0,28.0,41.36856,507.9603992561276,B
220.8,147.2,0.0,185.7,0.0,1055.0,744.3,7.0,13.089012384,217.17010743622316,C
424.0,22.0,132.0,,8.48,822.0,750.0,7.0,39.004642284729314,410.83712494101667,A
425.0,106.3,0.0,,18.6,936.0,803.7,7.0,46.80163088,412.5319011629368,B
520.0,0.0,0.0,175.0,5.2,870.0,805.0,28.0,51.021224,511.1725635284383,C
425.0,106.3,0.0,153.5,16.5,852.1,887.1,28.0,60.2946762,420.5775627257213,A
212.0,141.3,0.0,203.5,0.0,973.4,750.0,90.0,39.700028079999996,210.61616095941966,C
287.3,120.5,93.9,187.6,9.2,904.4,695.9,28.0,43.798273423999994,285.88091437355877,C
323.7,282.8,0.0,183.8,10.3,942.7,659.9,3.0,28.296095039999997,313.63848106323286,C
296.0,0.0,0.0,192.0,0.0,1085.0,765.0,90.0,29.39236188,292.7626399855402,B
322.0,0.0,116.0,5000.0,10.0,818.0,813.0,28.0,31.17810472,,C
148.0,0.0,137.0,158.0,16.0,1002.0,830.0,28.0,17.95395504,148.77484213593934,A
122.6,183.9,0.0,203.5,0.0,958.2,,,3.31982694,117.22012355165528,B
491.0,26.0,123.0,210.0,3.93,882.0,699.0,56.0,59.590425715270676,476.67248963187734,B
194.68,0.0,100.52,170.17,7.48,998.0,901.8,56.0,43.388724679999996,194.01512047239916,B
350.0,0.0,0.0,186.0,0.0,1050.0,770.0,7.0,20.27748916,343.51588099731117,C
401.8,94.7,0.0,147.4,11.4,946.8,852.1,3.0,41.09966436,392.6748384603048,C
260.9,100.5,78.3,200.6,8.6,864.5,,28.0,32.401235144,258.818596824369,C
212.52,0.0,100.37,159.32,8.71,1007.8,903.59,3.0,13.54130864,207.53376646217367,C
261.9,110.5,86.1,195.4,5.0,895.2,732.6,28.0,33.71882378,258.09458801180034,A
